URL,Last crawled
https://www.militarydisabilitynexus.com/aid-attendance-form,1970-01-01
https://www.militarydisabilitynexus.com/blog/how-to-prepare-cp-exam,1970-01-01
https://www.militarydisabilitynexus.com/blog/is-your-va-claim-really-ready-to-file,1970-01-01
https://www.militarydisabilitynexus.com/blog/nexus-and-rebuttal-letters-explained,1970-01-01
https://www.militarydisabilitynexus.com/blog/understanding-1151-claims-when-va-medical-care-goes-wrong,1970-01-01
https://www.militarydisabilitynexus.com/blog/what-to-do-if-the-va-denied-your-pre-existing-condition,1970-01-01
https://www.militarydisabilitynexus.com/case-studies/irritable-bowel-syndrome-ibs-as-secondary-to-anxietydepression,1970-01-01
https://www.militarydisabilitynexus.com/case-studies/migraines-as-secondary-to-tinnitus,1970-01-01
https://www.militarydisabilitynexus.com/case-studies/obstructive-sleep-apnea-osa-granted-secondary-to-service-connected-ptsd-with-obesity-as-an-intermediate-step,1970-01-01
https://www.militarydisabilitynexus.com/case-studies/primary-service-connection-for-gerd,1970-01-01
https://www.militarydisabilitynexus.com/case-studies/va-denied-pre-existing-condition-knee-aggravation-case-study,1970-01-01
https://www.militarydisabilitynexus.com/case-studies/vertigo-as-secondary-to-service-connected-tinnitus,1970-01-01
https://www.militarydisabilitynexus.com/claim-readiness-review,1970-01-01
https://www.militarydisabilitynexus.com/community/question/i-have-a-cp-exam-coming-up-how-do-i-make-sure-i-dont-undersell-my-symptoms,1970-01-01
https://www.militarydisabilitynexus.com/community/question/i-have-numbness-and-tingling-down-my-arm-how-does-the-va-rate-nerve-issues,1970-01-01
https://www.militarydisabilitynexus.com/community/question/my-migraines-seem-to-be-triggered-by-my-tinnitus-will-va-consider-that,1970-01-01
https://www.militarydisabilitynexus.com/community/question/my-migraines-wipe-me-out-for-hours-does-that-count-as-a-prostrating-attack,1970-01-01
https://www.militarydisabilitynexus.com/community/question/my-ptsd-feels-like-its-getting-worse-so-why-is-the-va-still-keeping-me-at-30,1970-01-01
https://www.militarydisabilitynexus.com/community/question/my-tinnitus-is-constant-and-significantly-affects-my-health-can-i-get-more-than-10-rating,1970-01-01
https://www.militarydisabilitynexus.com/cp-exam-coaching,1970-01-01
https://www.militarydisabilitynexus.com/diagnostic,1970-01-01
https://www.militarydisabilitynexus.com/forms,1970-01-01
https://www.militarydisabilitynexus.com/intake-form,1970-01-01
https://www.militarydisabilitynexus.com/medical-review-policy,1970-01-01
https://www.militarydisabilitynexus.com/services,1970-01-01
https://www.militarydisabilitynexus.com/services/aid-and-attendance,1970-01-01
https://www.militarydisabilitynexus.com/services/claim-readiness-review,1970-01-01
https://www.militarydisabilitynexus.com/services/independent-medical-opinion-nexus-letter,1970-01-01
https://www.militarydisabilitynexus.com/services/va-medical-malpractice-1151-case,1970-01-01
https://www.militarydisabilitynexus.com/testimonials,1970-01-01